GEO.id,GEO.id2,GEO.display-label,HD01_VD01,HD02_VD01
Id,Id2,Geography,Estimate; Median household income in the past 12 months (in 2010 inflation-adjusted dollars),Margin of Error; Median household income in the past 12 months (in 2010 inflation-adjusted dollars)
1400000US17031381700,17031381700,"Census Tract 3817, Cook County, Illinois",$-,$**
1400000US17031800400,17031800400,"Census Tract 8004, Cook County, Illinois","$250,000+",$***
1400000US17031835700,17031835700,"Census Tract 8357, Cook County, Illinois",$-,$**
1400000US17031980000,17031980000,"Census Tract 9800, Cook County, Illinois",$-,$**
1400000US17031980100,17031980100,"Census Tract 9801, Cook County, Illinois",$-,$**
1400000US17031990000,17031990000,"Census Tract 9900, Cook County, Illinois",$-,$**
