GEO.id,Id
GEO.id2,Id2
GEO.display-label,Geography
D001,Total:
D002,Husband-wife family:
D003,Husband-wife family: - With own children under 18 years:
D004,Husband-wife family: - With own children under 18 years: - Under 6 years only
D005,Husband-wife family: - With own children under 18 years: - Under 6 years and 6 to 17 years
D006,Husband-wife family: - With own children under 18 years: - 6 to 17 years only
D007,Husband-wife family: - No own children under 18 years
D008,Other family:
D009,"Other family: - Male householder, no wife present:"
D010,"Other family: - Male householder, no wife present: - With own children under 18 years:"
D011,"Other family: - Male householder, no wife present: - With own children under 18 years: - Under 6 years only"
D012,"Other family: - Male householder, no wife present: - With own children under 18 years: - Under 6 years and 6 to 17 years"
D013,"Other family: - Male householder, no wife present: - With own children under 18 years: - 6 to 17 years only"
D014,"Other family: - Male householder, no wife present: - No own children under 18 years"
D015,"Other family: - Female householder, no husband present:"
D016,"Other family: - Female householder, no husband present: - With own children under 18 years:"
D017,"Other family: - Female householder, no husband present: - With own children under 18 years: - Under 6 years only"
D018,"Other family: - Female householder, no husband present: - With own children under 18 years: - Under 6 years and 6 to 17 years"
D019,"Other family: - Female householder, no husband present: - With own children under 18 years: - 6 to 17 years only"
D020,"Other family: - Female householder, no husband present: - No own children under 18 years"
